Timestamp;LevelAsset;IPCategory;Mitre;Alert
Jun-07 2022 @ 19:16:53.525;Critical;Internal;none;Negative
Jun-07 2022 @ 19:16:26.515;Critical;Internal;T1087;Negative
Jun-07 2022 @ 19:15:49.502;Critical;Internal;T1087;Negative
Jun-07 2022 @ 19:15:43.501;Critical;Internal;T1087;Negative
Jun-07 2022 @ 19:14:52.481;Critical;Internal;T1087;Negative
Jun-07 2022 @ 19:14:46.480;Critical;Internal;T1087;Negative
Jun-07 2022 @ 19:14:35.476;Critical;Internal;T1087;Negative
Jun-07 2022 @ 19:14:31.475;Critical;Internal;T1087;Negative
Jun-07 2022 @ 19:14:28.475;Critical;Internal;T1087;Negative
Jun-07 2022 @ 19:14:25.473;Critical;Internal;T1087;Negative
Jun-07 2022 @ 19:14:22.472;Critical;Internal;T1078;Negative
Jun-07 2022 @ 19:14:20.470;Critical;Unknown;T1064;Positive
Jun-07 2022 @ 19:14:17.468;Critical;Unknown;T1064;Positive
Jun-07 2022 @ 19:14:12.466;Critical;Unknown;T1064;Positive
Jun-07 2022 @ 19:14:06.458;Critical;Internal;none;Negative
Jun-07 2022 @ 19:14:04.457;Critical;Internal;T1087;Negative
Jun-07 2022 @ 19:14:01.456;Critical;Internal;T1087;Negative
Jun-07 2022 @ 19:13:59.455;Critical;Internal;T1087;Negative
Jun-07 2022 @ 19:13:56.453;Critical;Internal;T1078;Negative
Jun-07 2022 @ 19:13:54.452;Critical;Unknown;T1064;Positive
Jun-07 2022 @ 19:13:53.452;Critical;Unknown;T1064;Positive
Jun-07 2022 @ 19:13:49.451;Critical;Unknown;T1064;Positive
Jun-07 2022 @ 19:13:47.450;Critical;Unknown;T1064;Positive
Jun-07 2022 @ 19:13:44.449;Critical;Unknown;T1064;Positive
Jun-07 2022 @ 19:13:41.449;Critical;Unknown;T1064;Positive
Jun-07 2022 @ 19:13:29.446;Critical;Unknown;T1064;Positive
Jun-07 2022 @ 19:13:27.445;Critical;Unknown;T1064;Positive
Jun-07 2022 @ 19:13:25.444;Critical;Unknown;T1064;Positive
Jun-07 2022 @ 19:13:23.444;Critical;Unknown;T1064;Positive
Jun-07 2022 @ 19:13:21.443;Critical;Unknown;T1064;Positive
Jun-07 2022 @ 19:13:18.442;Critical;Internal;none;Negative
Jun-07 2022 @ 19:13:16.441;Critical;Internal;T1087;Negative
Jun-07 2022 @ 19:13:13.440;Critical;Internal;T1087;Negative
Jun-07 2022 @ 19:13:11.439;Critical;Internal;T1087;Negative
Jun-07 2022 @ 19:13:08.438;Critical;Internal;T1087;Negative
Jun-07 2022 @ 19:13:06.437;Critical;Internal;T1087;Negative
Jun-07 2022 @ 19:13:05.436;Critical;Internal;T1087;Negative
Jun-07 2022 @ 19:13:02.436;Critical;Internal;T1078;Negative
Jun-07 2022 @ 19:12:59.432;Critical;Internal;T1064;Negative
Jun-07 2022 @ 19:12:51.429;Critical;Internal;T1064;Negative
Jun-07 2022 @ 19:11:32.406;Critical;Internal;T1064;Negative
Jun-07 2022 @ 19:11:29.405;Critical;Internal;T1064;Negative
Jun-07 2022 @ 19:11:17.401;Critical;Internal;T1064;Negative
Jun-07 2022 @ 19:10:42.391;Critical;Internal;none;Negative
Jun-07 2022 @ 19:02:11.203;Critical;Internal;T1087;Negative
Jun-07 2022 @ 19:02:09.202;Critical;Internal;T1087;Negative
Jun-07 2022 @ 19:01:58.199;Critical;Internal;T1087;Negative
Jun-07 2022 @ 19:01:55.198;Critical;Internal;T1087;Negative
Jun-07 2022 @ 19:01:50.196;Critical;Internal;T1087;Negative
Jun-07 2022 @ 19:01:20.178;Critical;Internal;T1087;Negative
Jun-07 2022 @ 19:01:14.176;Critical;Internal;T1087;Negative
Jun-07 2022 @ 19:01:10.175;Critical;Internal;T1087;Negative
Jun-07 2022 @ 19:00:52.171;Critical;Internal;T1087;Negative
Jun-07 2022 @ 18:45:34.807;Critical;Internal;T1087;Negative
Jun-07 2022 @ 18:31:32.479;Critical;Internal;T1087;Negative
Jun-07 2022 @ 18:31:30.478;Critical;Internal;T1078;Negative
Jun-07 2022 @ 18:31:26.477;Critical;Internal;none;Negative
Jun-07 2022 @ 18:30:03.431;Critical;Internal;T1078;Negative
Jun-07 2022 @ 18:29:14.418;Critical;Internal;T1075;Negative
Jun-07 2022 @ 18:28:46.408;Critical;Internal;none;Negative
Jun-07 2022 @ 18:28:17.395;Critical;Internal;T1078;Negative
Jun-07 2022 @ 18:27:54.387;Critical;Internal;T1075;Negative
Jun-07 2022 @ 18:27:29.361;Critical;Internal;none;Negative
Jun-07 2022 @ 18:26:53.345;Critical;Internal;T1078;Negative
Jun-07 2022 @ 18:26:18.329;Critical;Internal;T1075;Negative
Jun-07 2022 @ 18:24:55.292;Critical;Internal;none;Negative
Jun-07 2022 @ 18:22:50.243;Critical;Internal;T1087;Negative
Jun-07 2022 @ 18:16:31.101;Critical;Internal;T1087;Negative
Jun-07 2022 @ 18:16:31.101;Critical;Internal;T1087;Negative
Jun-07 2022 @ 18:16:30.101;Critical;Internal;T1087;Negative
Jun-07 2022 @ 18:16:30.101;Critical;Internal;T1087;Negative
Jun-07 2022 @ 18:12:57.995;Critical;Internal;T1087;Negative
Jun-07 2022 @ 18:12:17.983;Critical;Internal;T1078;Negative
Jun-07 2022 @ 18:11:55.974;Critical;Internal;T1110;Negative
Jun-07 2022 @ 18:11:55.974;Critical;Internal;T1110;Negative
Jun-07 2022 @ 18:11:55.974;Critical;Internal;T1110;Negative
Jun-07 2022 @ 18:11:54.973;Critical;External;T1064;Positive
Jun-07 2022 @ 18:11:54.973;Critical;External;T1064;Positive
Jun-07 2022 @ 18:11:54.973;Critical;External;T1064;Positive
Jun-07 2022 @ 18:11:54.973;Critical;External;T1064;Positive
Jun-07 2022 @ 18:11:54.973;Critical;External;T1064;Positive
Jun-07 2022 @ 18:11:24.955;Critical;External;T1064;Positive
Jun-07 2022 @ 18:11:03.947;Critical;External;T1064;Positive
Jun-07 2022 @ 18:11:03.947;Critical;External;T1064;Positive
Jun-07 2022 @ 18:11:03.947;Critical;External;T1064;Positive
Jun-07 2022 @ 18:11:03.947;Critical;External;T1064;Positive
Jun-07 2022 @ 18:11:02.947;Critical;External;T1064;Positive
Jun-07 2022 @ 18:11:02.947;Critical;External;T1110;Positive
Jun-07 2022 @ 18:11:01.947;Critical;External;T1110;Positive
Jun-07 2022 @ 18:10:33.936;Critical;External;T1110;Positive
Jun-07 2022 @ 18:10:17.930;Critical;External;T1078;Positive
Jun-07 2022 @ 18:04:06.711;Critical;External;T1087;Positive
Jun-07 2022 @ 18:00:55.610;Critical;External;T1087;Positive
Jun-07 2022 @ 18:00:51.608;Critical;External;T1087;Positive
Jun-07 2022 @ 18:00:51.608;Critical;External;T1087;Positive
Jun-07 2022 @ 18:00:51.608;Critical;External;T1087;Positive
Jun-07 2022 @ 17:57:47.548;Critical;External;T1087;Positive
Jun-07 2022 @ 17:57:39.545;Critical;External;T1087;Positive
Jun-07 2022 @ 17:54:54.483;Critical;External;T1087;Positive
Jun-07 2022 @ 17:45:45.938;Critical;External;T1078;Positive
Jun-07 2022 @ 17:45:23.929;Critical;External;T1075;Positive
Jun-07 2022 @ 17:45:15.927;Critical;External;T1078;Positive
Jun-07 2022 @ 17:45:14.926;Critical;External;T1087;Positive
Jun-07 2022 @ 17:44:34.912;Critical;External;T1078;Positive
Jun-07 2022 @ 17:44:09.902;Critical;External;T1075;Positive
Jun-07 2022 @ 17:43:53.897;Critical;External;T1078;Positive
Jun-07 2022 @ 17:43:23.887;Critical;External;T1078;Positive
Jun-07 2022 @ 17:42:17.861;Critical;External;T1075;Positive
Jun-07 2022 @ 17:42:07.856;Critical;External;T1078;Positive
Jun-07 2022 @ 17:41:57.852;Critical;External;T1078;Positive
Jun-07 2022 @ 17:41:42.844;Critical;External;T1075;Positive
Jun-07 2022 @ 17:41:33.837;Critical;External;T1078;Negative
Jun-07 2022 @ 17:41:33.837;Critical;External;T1087;Positive
Jun-07 2022 @ 17:41:33.837;Critical;External;T1078;Negative
Jun-07 2022 @ 17:41:32.837;Critical;External;T1110;Positive
Jun-07 2022 @ 17:41:32.837;Critical;External;T1110;Positive
Jun-07 2022 @ 17:41:31.836;Critical;External;T1110;Positive
Jun-07 2022 @ 17:41:31.836;Critical;External;T1075;Negative
Jun-07 2022 @ 17:41:31.836;Critical;External;T1064;Negative
Jun-07 2022 @ 17:41:23.831;Critical;Internal;none;Positive
Jun-07 2022 @ 17:41:18.830;Critical;Internal;T1087;Positive
Jun-07 2022 @ 17:40:42.817;Critical;Internal;T1087;Positive
Jun-07 2022 @ 17:40:42.817;Critical;Internal;T1087;Positive
Jun-07 2022 @ 17:40:42.817;Critical;Internal;T1087;Positive
Jun-07 2022 @ 17:40:41.816;Critical;Internal;T1087;Positive
Jun-07 2022 @ 17:40:41.816;Critical;External;T1078;Positive
Jun-07 2022 @ 17:40:41.816;Critical;External;T1078;Positive
Jun-07 2022 @ 17:40:39.816;Critical;External;T1075;Positive
Jun-07 2022 @ 17:40:36.814;Critical;External;T1078;Positive
Jun-07 2022 @ 17:40:31.811;Critical;External;T1078;Positive
Jun-07 2022 @ 17:40:25.804;Critical;External;T1075;Positive
Jun-07 2022 @ 17:40:12.798;Critical;Internal;T1087;Positive
Jun-07 2022 @ 17:40:08.797;Critical;Internal;T1078;Positive
Jun-07 2022 @ 17:40:08.797;Critical;Internal;T1110;Positive
Jun-07 2022 @ 17:40:08.797;Critical;Internal;T1110;Positive
Jun-07 2022 @ 17:39:40.785;Critical;Internal;T1064;Positive
Jun-07 2022 @ 17:39:21.780;Critical;Internal;T1064;Positive
Jun-07 2022 @ 17:39:17.779;Critical;Internal;T1064;Positive
Jun-07 2022 @ 17:39:11.777;Critical;Internal;T1064;Positive
Jun-07 2022 @ 17:37:56.735;Critical;Internal;T1064;Positive
Jun-07 2022 @ 17:37:54.734;Critical;Internal;T1064;Positive
Jun-07 2022 @ 17:32:07.607;Critical;Internal;T1064;Positive
Jun-07 2022 @ 17:31:50.603;Critical;Internal;T1064;Positive
Jun-07 2022 @ 17:31:47.602;Critical;Internal;T1064;Positive
Jun-07 2022 @ 17:29:15.128;Critical;Internal;T1064;Positive
Jun-07 2022 @ 17:29:15.128;Critical;Unknown;none;Negative
Jun-07 2022 @ 17:26:18.011;Critical;Unknown;T1087;Negative
Jun-07 2022 @ 17:25:32.993;Critical;Unknown;T1078;Negative
Jun-07 2022 @ 17:25:32.993;Critical;Unknown;T1110;Negative
Jun-07 2022 @ 17:24:43.980;Critical;Unknown;T1075;Positive
Jun-07 2022 @ 17:23:43.960;Critical;Unknown;T1064;Negative
Jun-07 2022 @ 17:23:24.953;Critical;Unknown;none;Positive
Jun-07 2022 @ 17:22:12.921;Critical;Unknown;T1087;Positive
Jun-07 2022 @ 17:21:35.902;Critical;Unknown;T1078;Positive
Jun-07 2022 @ 17:21:35.902;Critical;Unknown;T1110;Positive
Jun-07 2022 @ 17:21:35.902;Critical;Unknown;T1110;Positive
Jun-07 2022 @ 17:21:35.902;Critical;Unknown;T1110;Positive
Jun-07 2022 @ 17:21:35.902;Critical;Unknown;none;Positive
Jun-07 2022 @ 17:21:35.902;Critical;Unknown;T1087;Positive
Jun-07 2022 @ 17:21:35.902;Critical;Unknown;T1087;Positive
Jun-07 2022 @ 17:21:35.902;Critical;Unknown;T1078;Positive
Jun-07 2022 @ 17:21:35.902;Critical;Unknown;T1075;Positive
Jun-07 2022 @ 17:21:35.902;Critical;Unknown;T1064;Positive
Jun-07 2022 @ 17:21:35.902;Critical;Unknown;T1064;Positive
Jun-07 2022 @ 17:21:35.902;Critical;Internal;none;Negative
Jun-07 2022 @ 17:21:35.902;Critical;Internal;T1087;Negative
Jun-07 2022 @ 17:21:35.902;Critical;Internal;T1087;Negative
Jun-07 2022 @ 17:21:35.902;Critical;Internal;T1087;Negative
Jun-07 2022 @ 17:21:35.902;Critical;Internal;T1087;Negative
Jun-07 2022 @ 17:21:35.902;Critical;Internal;T1078;Negative
Jun-07 2022 @ 17:21:35.902;Critical;Unknown;T1064;Positive
Jun-07 2022 @ 17:21:35.902;Critical;Unknown;T1064;Positive
Jun-07 2022 @ 17:21:35.901;Critical;Unknown;T1064;Positive
Jun-07 2022 @ 17:21:35.901;Critical;Unknown;T1064;Positive
Jun-07 2022 @ 17:21:35.901;Critical;Unknown;T1064;Positive
Jun-07 2022 @ 17:21:35.901;Critical;Unknown;T1064;Positive
Jun-07 2022 @ 17:21:35.901;Critical;Internal;none;Negative
Jun-07 2022 @ 17:21:35.901;Critical;Internal;T1087;Negative
Jun-07 2022 @ 17:21:35.901;Critical;Internal;T1087;Negative
Jun-07 2022 @ 17:21:35.901;Critical;Internal;T1087;Negative
Jun-07 2022 @ 17:21:35.901;Critical;Internal;T1087;Negative
Jun-07 2022 @ 17:21:35.901;Critical;Internal;T1087;Negative
Jun-07 2022 @ 17:21:35.901;Critical;Internal;T1087;Negative
Jun-07 2022 @ 17:21:35.901;Critical;Internal;T1087;Negative
Jun-07 2022 @ 17:21:35.901;Critical;Internal;T1087;Negative
Jun-07 2022 @ 17:21:35.901;Critical;Internal;T1078;Negative
Jun-07 2022 @ 17:21:35.901;Critical;Internal;T1064;Positive
Jun-07 2022 @ 17:21:35.901;Critical;Internal;T1064;Positive
Jun-07 2022 @ 17:21:35.901;Critical;Internal;T1064;Positive
Jun-07 2022 @ 17:21:35.901;Critical;Internal;T1064;Positive
Jun-07 2022 @ 17:21:35.901;Critical;Internal;T1064;Positive
Jun-07 2022 @ 17:21:35.901;Critical;Internal;T1064;Positive
Jun-07 2022 @ 17:21:35.901;Critical;Internal;T1064;Positive
Jun-07 2022 @ 17:21:35.901;Critical;Internal;T1064;Positive
Jun-07 2022 @ 17:21:35.901;Critical;Internal;T1064;Positive
Jun-07 2022 @ 17:21:35.901;Critical;Internal;T1064;Positive
Jun-07 2022 @ 17:21:35.901;Critical;Internal;T1064;Positive
Jun-07 2022 @ 17:21:35.901;Critical;Internal;T1064;Positive
Jun-07 2022 @ 17:21:35.901;Critical;Internal;none;Negative
Jun-07 2022 @ 17:21:35.901;Critical;Internal;T1087;Negative
Jun-07 2022 @ 17:21:35.901;Critical;Internal;T1087;Negative
Jun-07 2022 @ 17:21:35.901;Critical;Internal;T1087;Negative
Jun-07 2022 @ 17:21:35.901;Critical;Internal;T1087;Negative
Jun-07 2022 @ 17:21:35.901;Critical;Internal;T1087;Negative
Jun-07 2022 @ 17:21:35.901;Critical;Internal;T1087;Negative
Jun-07 2022 @ 17:21:35.901;Critical;Internal;T1087;Negative
Jun-07 2022 @ 17:21:35.901;Critical;Internal;T1087;Negative
Jun-07 2022 @ 17:21:35.901;Critical;Internal;T1087;Negative
Jun-07 2022 @ 17:21:35.901;Critical;Internal;T1087;Negative
Jun-07 2022 @ 17:21:35.901;Critical;Internal;T1087;Negative
Jun-07 2022 @ 17:21:35.901;Critical;Internal;T1078;Negative
Jun-07 2022 @ 17:21:35.901;Critical;Internal;none;Negative
Jun-07 2022 @ 17:21:35.901;Critical;Internal;T1078;Negative
Jun-07 2022 @ 17:21:35.901;Critical;Internal;T1075;Negative
Jun-07 2022 @ 17:20:53.580;Critical;Internal;none;Negative
Jun-07 2022 @ 17:20:53.580;Critical;Internal;T1078;Negative
Jun-07 2022 @ 17:20:53.580;Critical;Internal;T1075;Negative
Jun-07 2022 @ 17:20:52.579;Critical;Internal;none;Negative
Jun-07 2022 @ 17:20:52.579;Critical;Internal;T1078;Negative
Jun-07 2022 @ 17:20:51.579;Critical;Internal;T1075;Negative
Jun-07 2022 @ 17:20:51.579;Critical;Internal;none;Negative
Jun-07 2022 @ 17:20:51.579;Critical;Internal;T1087;Negative
Jun-07 2022 @ 17:19:19.526;Critical;Internal;T1087;Negative
Jun-07 2022 @ 17:19:19.526;Critical;Internal;T1078;Negative
Jun-07 2022 @ 17:19:19.526;Critical;Internal;T1110;Negative
Jun-07 2022 @ 17:19:19.525;Critical;Internal;T1110;Negative
Jun-07 2022 @ 17:19:18.525;Critical;Internal;T1110;Negative
Jun-07 2022 @ 17:19:18.525;Critical;External;T1064;Positive
Jun-07 2022 @ 17:19:17.525;Critical;External;T1064;Positive
Jun-07 2022 @ 17:16:10.432;Critical;External;T1064;Positive
Jun-07 2022 @ 17:16:10.432;Critical;External;T1064;Positive
Jun-07 2022 @ 17:16:09.431;Critical;External;T1064;Positive
Jun-07 2022 @ 17:16:09.431;Critical;External;T1064;Positive
Jun-07 2022 @ 17:16:09.431;Critical;External;T1064;Positive
Jun-07 2022 @ 17:16:08.431;Critical;External;T1064;Positive
Jun-07 2022 @ 17:16:08.431;Critical;External;T1110;Positive
Jun-07 2022 @ 17:16:08.431;Critical;External;T1110;Positive
Jun-07 2022 @ 17:16:05.429;Critical;External;T1110;Positive
Jun-07 2022 @ 17:12:34.307;Critical;External;T1110;Positive
Jun-07 2022 @ 17:12:28.305;Critical;External;T1078;Negative
Jun-07 2022 @ 17:12:28.305;Critical;External;T1087;Positive
Jun-07 2022 @ 17:12:28.305;Critical;External;T1087;Positive
Jun-07 2022 @ 17:11:48.281;Critical;External;T1087;Positive
Jun-07 2022 @ 17:11:48.281;Critical;External;T1087;Positive
Jun-07 2022 @ 17:11:48.281;Critical;External;T1087;Positive
Jun-07 2022 @ 17:11:47.279;Critical;External;T1087;Positive
Jun-07 2022 @ 17:11:47.279;Critical;External;T1087;Negative
Jun-07 2022 @ 17:11:47.279;Critical;External;T1078;Negative
Jun-07 2022 @ 17:11:45.279;Critical;External;T1078;Negative
Jun-07 2022 @ 17:09:18.824;Critical;External;T1087;Positive
Jun-07 2022 @ 17:06:28.725;Critical;External;T1078;Positive
Jun-07 2022 @ 17:06:18.717;Critical;External;T1110;Negative
Jun-07 2022 @ 17:03:34.621;Critical;External;T1075;Positive
Jun-07 2022 @ 17:03:34.621;Critical;External;T1064;Negative
Jun-07 2022 @ 17:03:13.607;Critical;Internal;none;Positive
Jun-07 2022 @ 17:02:44.586;Critical;Internal;T1087;Positive
Jun-07 2022 @ 17:02:44.586;Critical;Internal;T1087;Positive
Jun-07 2022 @ 17:02:34.580;Critical;Internal;T1078;Positive
Jun-07 2022 @ 17:02:32.579;Critical;Internal;T1110;Positive
Jun-07 2022 @ 17:02:13.563;Critical;Internal;T1110;Positive
Jun-07 2022 @ 17:01:47.549;Critical;Internal;T1064;Positive
Jun-07 2022 @ 17:00:35.397;Critical;Internal;T1064;Positive
Jun-07 2022 @ 17:00:33.397;Critical;Internal;T1064;Positive
Jun-07 2022 @ 17:00:17.391;Critical;Internal;T1064;Positive
Jun-07 2022 @ 17:00:16.391;Critical;Internal;T1064;Positive
Jun-07 2022 @ 17:00:15.390;Critical;Unknown;none;Negative
Jun-07 2022 @ 17:00:00.373;Critical;Unknown;T1087;Negative
Jun-07 2022 @ 16:59:45.365;Critical;Unknown;T1078;Negative
Jun-07 2022 @ 16:59:43.358;Critical;Unknown;T1110;Negative
Jun-07 2022 @ 16:59:31.347;Critical;Unknown;T1075;Negative
Jun-07 2022 @ 16:59:31.347;Critical;Unknown;T1064;Negative
Jun-07 2022 @ 16:59:18.341;Critical;Unknown;none;Positive
Jun-07 2022 @ 16:59:17.341;Critical;Unknown;T1087;Positive
Jun-07 2022 @ 16:58:49.325;Critical;Unknown;T1078;Positive
Jun-07 2022 @ 16:58:49.325;Critical;Unknown;T1110;Positive
Jun-07 2022 @ 16:56:49.271;Critical;Unknown;T1110;Positive
Jun-07 2022 @ 16:54:49.207;Critical;Unknown;T1110;Positive
Jun-07 2022 @ 16:54:48.207;Critical;Unknown;none;Positive
Jun-07 2022 @ 16:53:11.149;Critical;Unknown;T1087;Positive
Jun-07 2022 @ 16:53:05.146;Critical;Unknown;T1087;Positive
Jun-07 2022 @ 16:52:54.141;Critical;Unknown;T1078;Positive
Jun-07 2022 @ 16:51:21.083;Critical;Unknown;T1075;Positive
Jun-07 2022 @ 16:51:16.079;Critical;Unknown;T1064;Positive
Jun-07 2022 @ 16:49:48.003;Critical;Unknown;T1064;Positive
Jun-07 2022 @ 16:48:10.951;Critical;Unknown;T1064;Positive
Jun-07 2022 @ 16:47:23.931;Critical;Unknown;T1064;Positive
Jun-07 2022 @ 16:47:23.931;Critical;Unknown;T1064;Positive
Jun-07 2022 @ 16:46:10.898;Critical;Unknown;T1064;Positive
Jun-07 2022 @ 16:44:26.852;Critical;Unknown;T1064;Positive
Jun-07 2022 @ 16:39:36.497;Critical;Unknown;T1064;Positive
Jun-07 2022 @ 16:35:09.367;Critical;Internal;none;Negative
Jun-07 2022 @ 16:34:50.358;Critical;Internal;T1087;Negative
Jun-07 2022 @ 16:32:24.275;Critical;Internal;T1087;Negative
Jun-07 2022 @ 16:31:03.180;Critical;Internal;T1078;Negative
Jun-07 2022 @ 16:28:41.093;Medium;Unknown;T1064;Positive
Jun-07 2022 @ 16:28:19.079;Medium;Unknown;T1064;Positive
Jun-07 2022 @ 16:28:19.079;Medium;Unknown;T1064;Positive
Jun-07 2022 @ 16:28:19.079;Medium;Unknown;T1064;Positive
Jun-07 2022 @ 16:28:19.079;Medium;Unknown;T1064;Positive
Jun-07 2022 @ 16:28:19.079;Medium;Unknown;T1064;Positive
Jun-07 2022 @ 16:28:19.079;Medium;Unknown;T1064;Positive
Jun-07 2022 @ 16:28:19.079;Medium;Internal;none;Negative
Jun-07 2022 @ 16:28:19.079;Medium;Internal;T1078;Negative
Jun-07 2022 @ 16:28:19.079;Medium;Internal;none;Negative
Jun-07 2022 @ 16:28:19.079;Medium;Internal;T1087;Negative
Jun-07 2022 @ 16:28:19.079;Medium;Internal;T1087;Negative
Jun-07 2022 @ 16:28:19.079;Medium;Internal;T1087;Negative
Jun-07 2022 @ 16:28:19.079;Medium;Internal;T1078;Negative
Jun-07 2022 @ 16:28:19.079;Medium;Internal;T1064;Negative
Jun-07 2022 @ 16:28:19.079;Medium;Internal;T1064;Negative
Jun-07 2022 @ 16:28:19.079;Medium;Internal;T1064;Negative
Jun-07 2022 @ 16:28:19.079;Medium;Internal;T1064;Negative
Jun-07 2022 @ 16:28:19.079;Medium;Internal;T1064;Negative
Jun-07 2022 @ 16:28:19.079;Medium;Internal;none;Negative
Jun-07 2022 @ 16:28:19.079;Medium;Internal;T1087;Negative
Jun-07 2022 @ 16:28:19.079;Medium;Internal;T1087;Negative
Jun-07 2022 @ 16:28:19.079;Medium;Internal;T1087;Negative
Jun-07 2022 @ 16:28:19.079;Medium;Internal;T1087;Negative
Jun-07 2022 @ 16:28:19.079;Medium;Internal;T1078;Negative
Jun-07 2022 @ 16:28:19.079;Medium;Internal;none;Negative
Jun-07 2022 @ 16:28:19.079;Medium;Internal;T1078;Negative
Jun-07 2022 @ 16:28:19.079;Medium;Internal;T1075;Negative
Jun-07 2022 @ 16:28:19.079;Medium;Internal;none;Negative
Jun-07 2022 @ 16:28:19.079;Medium;Internal;T1078;Negative
Jun-07 2022 @ 16:28:19.079;Medium;Internal;T1075;Negative
Jun-07 2022 @ 16:28:19.079;Medium;Internal;none;Negative
Jun-07 2022 @ 16:28:19.079;Medium;Internal;T1078;Negative
Jun-07 2022 @ 16:28:19.079;Medium;Internal;T1075;Negative
Jun-07 2022 @ 16:28:19.079;Medium;Internal;none;Negative
Jun-07 2022 @ 16:28:19.079;Medium;Internal;T1078;Negative
Jun-07 2022 @ 16:28:19.078;Medium;Internal;T1075;Negative
Jun-07 2022 @ 16:28:19.078;Medium;Internal;none;Negative
Jun-07 2022 @ 16:28:19.078;Medium;Internal;T1078;Negative
Jun-07 2022 @ 16:28:19.078;Medium;Internal;T1075;Negative
Jun-07 2022 @ 16:28:19.078;Medium;Internal;none;Negative
Jun-07 2022 @ 16:28:19.078;Medium;Internal;T1087;Negative
Jun-07 2022 @ 16:28:19.078;Medium;Internal;T1087;Negative
Jun-07 2022 @ 16:28:19.078;Medium;Internal;T1078;Negative
Jun-07 2022 @ 16:28:19.078;Medium;Internal;T1110;Negative
Jun-07 2022 @ 16:28:19.078;Medium;Internal;T1110;Negative
Jun-07 2022 @ 16:28:19.078;Medium;Internal;T1110;Negative
Jun-07 2022 @ 16:28:19.078;Medium;External;T1064;Positive
Jun-07 2022 @ 16:28:19.078;Medium;External;T1064;Positive
Jun-07 2022 @ 16:28:19.078;Medium;External;T1064;Positive
Jun-07 2022 @ 16:28:19.078;Medium;External;T1064;Positive
Jun-07 2022 @ 16:28:19.078;Medium;External;T1110;Positive
Jun-07 2022 @ 16:28:19.078;Medium;Internal;none;Negative
Jun-07 2022 @ 16:28:19.078;Medium;Internal;T1087;Negative
Jun-07 2022 @ 16:28:19.078;Medium;Internal;T1087;Negative
Jun-07 2022 @ 16:28:19.078;Medium;Internal;T1087;Negative
Jun-07 2022 @ 16:28:19.078;Medium;Internal;T1087;Negative
Jun-07 2022 @ 16:28:19.078;Medium;Internal;T1087;Negative
Jun-07 2022 @ 16:28:19.078;Medium;Internal;T1078;Negative
Jun-07 2022 @ 16:28:19.078;Medium;External;T1110;Positive
Jun-07 2022 @ 16:28:19.078;Medium;External;T1110;Positive
Jun-07 2022 @ 16:28:19.078;Medium;External;T1110;Positive
Jun-07 2022 @ 16:28:19.078;Medium;External;T1078;Negative
Jun-07 2022 @ 16:28:19.078;Medium;External;T1078;Negative
Jun-07 2022 @ 16:28:19.078;Medium;External;T1087;Negative
Jun-07 2022 @ 16:28:19.078;Medium;External;T1087;Negative
Jun-07 2022 @ 16:28:19.078;Medium;External;T1078;Negative
Jun-07 2022 @ 16:28:19.078;Medium;External;T1078;Negative
Jun-07 2022 @ 16:28:19.078;Medium;External;T1087;Negative
Jun-07 2022 @ 16:28:19.078;Medium;External;T1087;Negative
Jun-07 2022 @ 16:28:19.078;Medium;External;T1087;Negative
Jun-07 2022 @ 16:28:19.078;Medium;External;T1087;Negative
Jun-07 2022 @ 16:28:19.078;Medium;External;T1078;Negative
Jun-07 2022 @ 16:28:19.078;Medium;External;T1078;Positive
Jun-07 2022 @ 16:28:19.078;Medium;External;T1087;Positive
Jun-07 2022 @ 16:28:19.078;Medium;External;T1087;Positive
Jun-07 2022 @ 16:28:19.078;Medium;External;T1078;Positive
Jun-07 2022 @ 16:28:19.078;Medium;External;T1075;Positive
Jun-07 2022 @ 16:28:19.078;Medium;External;T1064;Positive
Jun-07 2022 @ 16:28:19.078;Medium;Internal;none;Positive
Jun-07 2022 @ 16:28:08.068;Medium;Internal;T1087;Negative
Jun-07 2022 @ 16:27:25.036;Medium;Internal;T1087;Negative
Jun-07 2022 @ 16:27:23.034;Medium;Internal;T1087;Negative
Jun-07 2022 @ 16:22:09.821;Medium;Internal;T1087;Negative
Jun-07 2022 @ 16:20:47.768;Medium;Internal;T1087;Negative
Jun-07 2022 @ 16:20:31.761;Medium;Internal;T1087;Negative
Jun-07 2022 @ 16:20:30.758;Medium;Internal;T1087;Negative
Jun-07 2022 @ 16:19:31.719;Medium;Internal;T1087;Negative
Jun-07 2022 @ 16:19:24.712;Medium;Internal;T1078;Positive
Jun-07 2022 @ 16:18:48.698;Medium;Internal;T1110;Positive
Jun-07 2022 @ 16:18:35.694;Medium;Internal;T1110;Positive
Jun-07 2022 @ 16:18:35.694;Medium;Internal;T1064;Positive
Jun-07 2022 @ 16:18:35.694;Medium;Internal;T1064;Positive
Jun-07 2022 @ 16:18:29.692;Medium;Internal;T1064;Positive
Jun-07 2022 @ 16:18:29.692;Medium;Internal;T1064;Positive
Jun-07 2022 @ 16:18:29.692;Medium;Internal;T1064;Positive
Jun-07 2022 @ 16:18:29.692;Medium;Unknown;none;Negative
Jun-07 2022 @ 16:18:29.692;Medium;Unknown;T1087;Negative
Jun-07 2022 @ 16:18:29.692;Medium;Internal;none;Negative
Jun-07 2022 @ 16:16:45.643;Medium;Internal;T1087;Negative
Jun-07 2022 @ 16:15:48.607;Medium;Internal;T1087;Negative
Jun-07 2022 @ 16:15:48.607;Medium;Internal;T1087;Negative
Jun-07 2022 @ 16:15:48.607;Medium;Internal;T1087;Negative
Jun-07 2022 @ 16:15:48.607;Medium;Internal;T1078;Negative
Jun-07 2022 @ 16:15:48.607;Medium;Unknown;T1078;Negative
Jun-07 2022 @ 16:15:48.607;Medium;Unknown;T1110;Negative
Jun-07 2022 @ 16:15:48.607;Medium;Unknown;T1075;Positive
Jun-07 2022 @ 16:15:48.607;Medium;Unknown;T1064;Negative
Jun-07 2022 @ 16:15:48.607;Medium;Unknown;none;Positive
Jun-07 2022 @ 16:15:48.607;Medium;Unknown;T1087;Positive
Jun-07 2022 @ 16:15:48.607;Medium;Unknown;T1078;Positive
Jun-07 2022 @ 16:15:48.607;Medium;Unknown;T1110;Positive
Jun-07 2022 @ 16:15:48.607;Medium;Unknown;T1110;Positive
Jun-07 2022 @ 16:15:48.607;Medium;Unknown;T1110;Positive
Jun-07 2022 @ 16:15:48.607;Medium;Unknown;none;Positive
Jun-07 2022 @ 16:15:48.607;Medium;Unknown;T1087;Positive
Jun-07 2022 @ 16:15:48.607;Medium;Unknown;T1087;Positive
Jun-07 2022 @ 16:15:48.607;Medium;Unknown;T1078;Positive
Jun-07 2022 @ 16:15:48.607;Medium;Unknown;T1075;Positive
Jun-07 2022 @ 16:15:48.607;Medium;Internal;none;Negative
Jun-07 2022 @ 16:15:48.607;Medium;Internal;T1087;Negative
Jun-07 2022 @ 16:15:48.607;Medium;Internal;T1087;Negative
Jun-07 2022 @ 16:15:48.607;Medium;Internal;T1087;Negative
Jun-07 2022 @ 16:15:48.607;Medium;Internal;T1087;Negative
Jun-07 2022 @ 16:15:48.607;Medium;Internal;T1087;Negative
Jun-07 2022 @ 16:15:48.607;Medium;Internal;T1087;Negative
Jun-07 2022 @ 16:15:48.607;Medium;Internal;T1087;Negative
Jun-07 2022 @ 16:15:48.607;Medium;Internal;T1087;Negative
Jun-07 2022 @ 16:15:48.607;Medium;Internal;T1078;Negative
Jun-07 2022 @ 16:15:48.607;Medium;Unknown;T1064;Positive
Jun-07 2022 @ 16:15:48.607;Medium;Unknown;T1064;Positive
Jun-07 2022 @ 16:15:48.607;Medium;Unknown;T1064;Positive
Jun-07 2022 @ 16:15:48.607;Medium;Unknown;T1064;Positive
Jun-07 2022 @ 16:15:48.607;Medium;Unknown;T1064;Positive
Jun-07 2022 @ 16:15:48.607;Medium;Unknown;T1064;Positive
Jun-07 2022 @ 16:15:48.606;Medium;Unknown;T1064;Positive
Jun-07 2022 @ 16:15:48.606;Medium;Unknown;T1064;Positive
Jun-07 2022 @ 16:15:48.606;Medium;Unknown;T1064;Positive
Jun-07 2022 @ 16:15:48.606;Medium;Unknown;T1064;Positive
Jun-07 2022 @ 16:15:48.606;Medium;Unknown;T1064;Positive
Jun-07 2022 @ 16:15:48.606;Medium;Unknown;T1064;Positive
Jun-07 2022 @ 16:15:48.606;Medium;Unknown;T1064;Positive
Jun-07 2022 @ 16:15:48.606;Medium;Unknown;T1064;Positive
Jun-07 2022 @ 16:15:48.606;Medium;Unknown;T1064;Positive
Jun-07 2022 @ 16:15:48.606;Medium;Unknown;none;Positive
Jun-07 2022 @ 16:15:48.606;Medium;Unknown;T1087;Positive
Jun-07 2022 @ 16:15:48.606;Medium;Unknown;T1087;Positive
Jun-07 2022 @ 16:15:48.606;Medium;Unknown;T1087;Positive
Jun-07 2022 @ 16:15:48.606;Medium;Unknown;T1087;Positive
Jun-07 2022 @ 16:15:48.606;Medium;Unknown;T1087;Positive
Jun-07 2022 @ 16:15:48.606;Medium;Unknown;T1087;Positive
Jun-07 2022 @ 16:15:48.606;Medium;Unknown;T1078;Positive
Jun-07 2022 @ 16:15:48.606;Medium;Unknown;T1064;Positive
Jun-07 2022 @ 16:15:48.606;Medium;Unknown;T1064;Positive
Jun-07 2022 @ 16:15:48.606;Medium;Unknown;T1064;Positive
Jun-07 2022 @ 16:15:48.606;Medium;Unknown;T1064;Positive
Jun-07 2022 @ 16:15:48.606;Medium;Unknown;T1064;Positive
Jun-07 2022 @ 16:15:48.606;Medium;Unknown;T1064;Positive
Jun-07 2022 @ 16:15:48.606;Medium;Unknown;T1064;Positive
Jun-07 2022 @ 16:15:48.606;Medium;Internal;none;Negative
Jun-07 2022 @ 16:15:48.606;Medium;Internal;T1087;Negative
Jun-07 2022 @ 16:15:48.605;Medium;Internal;T1087;Negative
Jun-07 2022 @ 16:15:48.605;Medium;Internal;T1087;Negative
Jun-07 2022 @ 16:15:48.605;Medium;Internal;T1078;Negative
Jun-07 2022 @ 16:15:48.605;Medium;Internal;T1064;Negative
Jun-07 2022 @ 16:15:48.605;Medium;Internal;T1064;Negative
Jun-07 2022 @ 16:15:48.605;Medium;Internal;T1064;Negative
Jun-07 2022 @ 16:15:48.605;Medium;Internal;T1064;Negative
Jun-07 2022 @ 16:15:48.605;Medium;Internal;T1064;Negative
Jun-07 2022 @ 16:15:48.605;Medium;Internal;none;Negative
Jun-07 2022 @ 16:15:48.605;Medium;Internal;T1087;Negative
Jun-07 2022 @ 16:15:48.605;Medium;Internal;T1087;Negative
Jun-07 2022 @ 16:15:48.605;Medium;Internal;T1087;Negative
Jun-07 2022 @ 16:15:48.605;Medium;Internal;T1087;Negative
Jun-07 2022 @ 16:15:48.605;Medium;Internal;T1078;Negative
Jun-07 2022 @ 16:15:48.605;Medium;Internal;none;Negative
Jun-07 2022 @ 16:15:48.605;Medium;Internal;T1078;Negative
Jun-07 2022 @ 16:15:48.605;Medium;Internal;T1075;Negative
Jun-07 2022 @ 16:15:47.604;Medium;Internal;none;Negative
Jun-07 2022 @ 16:15:42.601;Medium;Internal;T1078;Negative
Jun-07 2022 @ 16:14:48.578;Medium;Internal;T1075;Negative
Jun-07 2022 @ 16:14:04.559;Medium;Internal;none;Negative
Jun-07 2022 @ 16:13:16.142;Medium;Internal;T1078;Negative
Jun-07 2022 @ 16:10:59.063;Medium;Internal;T1075;Negative
Jun-07 2022 @ 16:09:48.003;Medium;Internal;none;Negative
Jun-07 2022 @ 16:09:48.002;Medium;Internal;T1087;Negative
Jun-07 2022 @ 16:09:39.999;Medium;Internal;none;Negative
Jun-07 2022 @ 16:09:21.992;Medium;Internal;T1087;Negative
Jun-07 2022 @ 16:09:21.992;Medium;Internal;T1087;Negative
Jun-07 2022 @ 16:08:44.972;Medium;Internal;T1087;Negative
Jun-07 2022 @ 16:08:43.972;Medium;Internal;T1078;Negative
Jun-07 2022 @ 16:08:12.957;Medium;Internal;none;Negative
Jun-07 2022 @ 16:08:12.957;Medium;Internal;T1087;Negative
Jun-07 2022 @ 16:06:35.780;Medium;Internal;T1078;Negative
Jun-07 2022 @ 16:05:19.736;Medium;Internal;none;Negative
Jun-07 2022 @ 16:05:19.736;Medium;Internal;T1087;Negative
Jun-07 2022 @ 16:04:53.725;Medium;Internal;T1087;Negative
Jun-07 2022 @ 16:04:53.725;Medium;Internal;T1078;Negative
Jun-07 2022 @ 16:04:29.712;Medium;Internal;none;Negative
Jun-07 2022 @ 16:04:29.712;Medium;Internal;T1078;Negative
Jun-07 2022 @ 16:04:00.698;Medium;Internal;T1110;Negative
Jun-07 2022 @ 16:04:00.698;Medium;Internal;T1110;Negative
Jun-07 2022 @ 16:03:28.675;Medium;Internal;T1110;Negative
Jun-07 2022 @ 16:03:28.675;Medium;External;T1064;Positive
Jun-07 2022 @ 16:03:02.657;Medium;External;T1064;Positive
Jun-07 2022 @ 16:03:02.657;Medium;External;T1064;Positive
Jun-07 2022 @ 16:02:58.655;Medium;External;T1064;Positive
Jun-07 2022 @ 16:02:53.652;Medium;External;T1110;Positive
Jun-07 2022 @ 16:02:53.652;Medium;External;T1110;Positive
Jun-07 2022 @ 16:02:53.652;Medium;External;T1110;Positive
Jun-07 2022 @ 16:01:51.617;Medium;External;T1110;Positive
Jun-07 2022 @ 16:01:51.617;Medium;External;T1078;Negative
Jun-07 2022 @ 16:01:51.617;Medium;External;T1087;Negative
Jun-07 2022 @ 16:01:50.617;Medium;External;T1087;Negative
Jun-07 2022 @ 16:01:50.617;Medium;External;T1087;Negative
Jun-07 2022 @ 16:01:50.617;Medium;External;T1087;Negative
Jun-07 2022 @ 16:01:48.616;Medium;External;T1078;Negative
Jun-07 2022 @ 16:01:15.598;Medium;External;T1078;Positive
Jun-07 2022 @ 16:01:12.597;Medium;External;T1087;Positive
Jun-07 2022 @ 16:00:50.581;Medium;External;T1087;Positive
Jun-07 2022 @ 16:00:37.572;Medium;External;T1078;Positive
Jun-07 2022 @ 15:59:54.545;Medium;External;T1078;Positive
Jun-07 2022 @ 15:59:53.544;Medium;External;T1075;Positive
Jun-07 2022 @ 15:59:07.512;Medium;External;T1078;Positive
Jun-07 2022 @ 15:59:04.510;Medium;External;T1075;Positive
Jun-07 2022 @ 15:58:27.487;Medium;External;T1064;Positive
Jun-07 2022 @ 15:57:40.445;Medium;Internal;none;Positive
Jun-07 2022 @ 15:57:39.443;Medium;Internal;T1087;Positive
Jun-07 2022 @ 15:56:50.300;Medium;Internal;T1087;Positive
Jun-07 2022 @ 15:55:55.271;Medium;Internal;T1078;Positive
Jun-07 2022 @ 15:55:46.268;Medium;Internal;T1110;Positive
Jun-07 2022 @ 15:55:46.268;Medium;Internal;T1110;Positive
Jun-07 2022 @ 15:55:46.268;Medium;Internal;T1064;Positive
Jun-07 2022 @ 15:54:25.220;Medium;Internal;T1064;Positive
Jun-07 2022 @ 15:54:06.208;Medium;Internal;T1064;Positive
Jun-07 2022 @ 15:54:05.207;Medium;Internal;T1064;Positive
Jun-07 2022 @ 15:54:01.205;Medium;Internal;T1064;Positive
Jun-07 2022 @ 15:53:51.201;Medium;Unknown;none;Negative
Jun-07 2022 @ 15:53:39.193;Medium;Unknown;T1087;Negative
Jun-07 2022 @ 15:53:31.188;Medium;Unknown;T1078;Negative
Jun-07 2022 @ 15:53:31.188;Medium;Unknown;T1110;Negative
Jun-07 2022 @ 15:53:31.188;Medium;Unknown;T1075;Positive
Jun-07 2022 @ 15:53:19.181;Medium;Unknown;T1064;Negative
Jun-07 2022 @ 15:52:57.166;Medium;Unknown;none;Positive
Jun-07 2022 @ 15:52:57.166;Medium;Unknown;T1087;Positive
Jun-07 2022 @ 15:52:57.166;Medium;Unknown;T1078;Positive
Jun-07 2022 @ 15:52:57.166;Medium;Unknown;T1110;Positive
Jun-07 2022 @ 15:52:53.163;Medium;Unknown;T1110;Positive
Jun-07 2022 @ 15:52:47.160;Medium;Unknown;T1110;Positive
Jun-07 2022 @ 15:52:46.159;Medium;Unknown;none;Positive
Jun-07 2022 @ 15:52:27.150;Medium;Unknown;T1087;Positive
Jun-07 2022 @ 15:52:19.146;Medium;Unknown;T1087;Positive
Jun-07 2022 @ 15:52:16.144;Medium;Unknown;T1087;Positive
Jun-07 2022 @ 15:51:47.111;Medium;Unknown;T1087;Positive
Jun-07 2022 @ 15:51:37.106;Medium;Unknown;T1078;Positive
Jun-07 2022 @ 15:51:21.098;Medium;Unknown;T1075;Positive
Jun-07 2022 @ 15:51:06.091;Medium;Unknown;T1064;Positive
Jun-07 2022 @ 15:50:45.074;Medium;Unknown;T1064;Positive
Jun-07 2022 @ 15:50:34.069;Medium;Unknown;T1064;Positive
Jun-07 2022 @ 15:50:16.060;Medium;Unknown;none;Positive
Jun-07 2022 @ 15:49:33.031;Medium;Unknown;T1087;Positive
Jun-07 2022 @ 15:49:03.014;Medium;Unknown;T1087;Positive
Jun-07 2022 @ 15:48:02.986;Medium;Unknown;T1087;Positive
Jun-07 2022 @ 15:47:13.752;Medium;Unknown;T1087;Positive
Jun-07 2022 @ 15:46:46.733;Medium;Unknown;T1078;Positive
Jun-07 2022 @ 15:46:27.725;Medium;Unknown;T1075;Positive
Jun-07 2022 @ 15:46:25.720;Medium;Unknown;T1064;Positive
Jun-07 2022 @ 15:46:21.718;Medium;Unknown;T1064;Positive
Jun-07 2022 @ 15:46:03.707;Medium;Unknown;T1064;Positive
Jun-07 2022 @ 15:45:36.692;Medium;Unknown;T1064;Positive
Jun-07 2022 @ 15:45:15.673;Medium;Unknown;T1064;Positive
Jun-07 2022 @ 15:45:03.668;Medium;Unknown;T1064;Positive
Jun-07 2022 @ 15:44:30.653;Medium;Internal;none;Negative
Jun-07 2022 @ 15:43:53.636;Medium;Internal;T1087;Negative
Jun-07 2022 @ 15:43:42.632;Medium;Internal;T1087;Negative
Jun-07 2022 @ 15:43:26.614;Medium;Internal;T1078;Negative
Jun-07 2022 @ 15:41:49.562;Medium;Internal;none;Negative
Jun-07 2022 @ 15:41:13.540;Medium;Internal;T1087;Negative
Jun-07 2022 @ 15:40:56.525;Medium;Internal;T1087;Negative
Jun-07 2022 @ 15:40:45.520;Medium;Internal;T1087;Negative
Jun-07 2022 @ 15:39:55.479;Medium;Internal;T1078;Negative
